"Region","Region_crops","Element","Y2009","Y2010","Y2011"
"Africa","Africa","Fat supply quantity (g/capita/day)",16.6635686648135,16.9664370879607,16.6633020442839
"Africa","Africa","Food supply (kcal/capita/day)",778.093694906881,785.147603261379,771.576098361058
"Africa","Africa","Food supply quantity (g/capita/day)",284.216464521131,284.473325385064,280.332598277458
"Africa","Africa","Protein supply quantity (g/capita/day)",18.5412161642589,18.6108603841348,18.3450834428139
"Africa","Central Asia","Fat supply quantity (g/capita/day)",0.909812252169391,0.90434704825796,0.930538499893815
"Africa","Central Asia","Food supply (kcal/capita/day)",240.459869547107,235.664065198231,240.874977818834
"Africa","Central Asia","Food supply quantity (g/capita/day)",126.405402960131,125.261163229983,130.485339198831
"Africa","Central Asia","Protein supply quantity (g/capita/day)",6.74598609960793,6.65450031033901,6.76409245085834
"Africa","East Asia","Fat supply quantity (g/capita/day)",4.42231828002159,4.4089266706492,4.07061958984613
"Africa","East Asia","Food supply (kcal/capita/day)",366.207400587521,373.488894862453,362.223590881403
"Africa","East Asia","Food supply quantity (g/capita/day)",117.298424293634,119.510360942072,117.870431627438
"Africa","East Asia","Protein supply quantity (g/capita/day)",7.94701820804526,8.00012369068203,7.95083643713621
"Africa","Europe","Fat supply quantity (g/capita/day)",0.120404155735123,0.113377222495997,0.205471772737776
"Africa","Europe","Food supply (kcal/capita/day)",128.150774756015,130.547030585955,131.292950043513
"Africa","Europe","Food supply quantity (g/capita/day)",45.6620303977701,46.7858900420494,45.6840962894919
"Africa","Europe","Protein supply quantity (g/capita/day)",0.418615117410916,0.378815009597548,0.397659975307182
"Africa","Latin America","Fat supply quantity (g/capita/day)",24.5633032336811,25.0408536574841,25.2148494666023
"Africa","Latin America","Food supply (kcal/capita/day)",990.016509687295,997.853291461952,1018.18797014193
"Africa","Latin America","Food supply quantity (g/capita/day)",581.283076307482,588.009206360805,602.734303811031
"Africa","Latin America","Protein supply quantity (g/capita/day)",18.5758913150975,18.6730697867601,18.9831355107723
"Africa","North America","Fat supply quantity (g/capita/day)",2.16399593354134,2.15803193991556,2.06368503966864
"Africa","North America","Food supply (kcal/capita/day)",21.2900744090814,21.4588181824762,20.9394422391042
"Africa","North America","Food supply quantity (g/capita/day)",5.12541919827618,5.15846141890053,5.46362152875719
"Africa","North America","Protein supply quantity (g/capita/day)",0.0247811786261873,0.0333351508159464,0.0366186287158407
"Africa","Pacific","Fat supply quantity (g/capita/day)",0.830240674882144,0.81297028676515,0.820550917773881
"Africa","Pacific","Food supply (kcal/capita/day)",40.8721070344757,40.0670492852074,41.233249374533
"Africa","Pacific","Food supply quantity (g/capita/day)",30.944425287722,30.3700814658024,31.2790686728274
"Africa","Pacific","Protein supply quantity (g/capita/day)",0.455666197998511,0.447580166473146,0.471838842551302
"Africa","South Asia","Fat supply quantity (g/capita/day)",4.13267906085154,4.18754789885863,4.03192954443039
"Africa","South Asia","Food supply (kcal/capita/day)",729.890743859716,740.599866350342,729.844014648113
"Africa","South Asia","Food supply quantity (g/capita/day)",376.353304260197,377.419340335261,372.653834422367
"Africa","South Asia","Protein supply quantity (g/capita/day)",14.290529351455,14.5282513962468,14.3579646896959
"Africa","Southeast Asia","Fat supply quantity (g/capita/day)",2.76093090144111,2.76017674641,2.55212567337305
"Africa","Southeast Asia","Food supply (kcal/capita/day)",654.121442412319,663.055571858771,650.560539993437
"Africa","Southeast Asia","Food supply quantity (g/capita/day)",354.608954044207,355.103734066434,349.982933206915
"Africa","Southeast Asia","Protein supply quantity (g/capita/day)",9.89895153788541,10.0547563563681,9.75779882100927
"Africa","W Asia and SE Mediterranean","Fat supply quantity (g/capita/day)",2.3929936226199,2.43110109622672,2.60186535654561
"Africa","W Asia and SE Mediterranean","Food supply (kcal/capita/day)",443.882620231355,443.345659523534,450.967135432646
"Africa","W Asia and SE Mediterranean","Food supply quantity (g/capita/day)",192.660549036655,192.377787410288,196.990772111599
"Africa","W Asia and SE Mediterranean","Protein supply quantity (g/capita/day)",11.5133311399132,11.4661070931794,11.7046902145559
"Central Asia","Africa","Fat supply quantity (g/capita/day)",11.3245986810567,11.2430031321669,10.8684611060244
"Central Asia","Africa","Food supply (kcal/capita/day)",159.569076091886,159.655058423133,156.247242666955
"Central Asia","Africa","Food supply quantity (g/capita/day)",30.0681885907519,29.1846022638039,29.4660052615912
"Central Asia","Africa","Protein supply quantity (g/capita/day)",1.36430949820556,1.32287164390444,1.37566409897849
"Central Asia","Central Asia","Fat supply quantity (g/capita/day)",5.67309381599576,5.60760898936034,5.59057458735224
"Central Asia","Central Asia","Food supply (kcal/capita/day)",1278.77387507612,1288.71182382885,1259.35034530315
"Central Asia","Central Asia","Food supply quantity (g/capita/day)",566.707889042924,570.067431918697,575.683117447959
"Central Asia","Central Asia","Protein supply quantity (g/capita/day)",37.2430379746835,37.5397573030069,36.6239538835694
"Central Asia","East Asia","Fat supply quantity (g/capita/day)",1.21555394322584,1.2427320414191,1.22807317895931
"Central Asia","East Asia","Food supply (kcal/capita/day)",107.207753002604,107.713096549862,112.623946335502
"Central Asia","East Asia","Food supply quantity (g/capita/day)",101.276900353705,97.134669942044,110.94669981594
"Central Asia","East Asia","Protein supply quantity (g/capita/day)",1.65136105100864,1.6524186821415,1.71496239990834
"Central Asia","Europe","Fat supply quantity (g/capita/day)",0.986442610419393,0.924248937338077,0.748531809880875
"Central Asia","Europe","Food supply (kcal/capita/day)",201.245598123939,193.111770014947,201.405592313522
"Central Asia","Europe","Food supply quantity (g/capita/day)",80.615640749906,73.6244343114814,82.8061121462682
"Central Asia","Europe","Protein supply quantity (g/capita/day)",0.24133941411969,0.193598842380033,0.369330052068036
"Central Asia","Latin America","Fat supply quantity (g/capita/day)",13.6838397056347,13.9151346306686,14.0389128995657
"Central Asia","Latin America","Food supply (kcal/capita/day)",336.915758651517,331.36754372634,329.377622232549
"Central Asia","Latin America","Food supply quantity (g/capita/day)",369.477190573053,375.658241664519,382.878733402683
"Central Asia","Latin America","Protein supply quantity (g/capita/day)",6.39530466553515,6.20484708299085,6.25860012431806
"Central Asia","North America","Fat supply quantity (g/capita/day)",12.8405762927069,12.305999478878,13.1108128693023
"Central Asia","North America","Food supply (kcal/capita/day)",139.099218739878,135.259298014617,144.642984837172
"Central Asia","North America","Food supply quantity (g/capita/day)",59.3239962167835,59.8355008247188,66.6353189852467
"Central Asia","North America","Protein supply quantity (g/capita/day)",0.275678582071182,0.305281596978062,0.329904161827586
"Central Asia","Pacific","Fat supply quantity (g/capita/day)",0.114268686109635,0.173599837115417,0.217032258866526
"Central Asia","Pacific","Food supply (kcal/capita/day)",0.749323037456435,1.17147869214369,1.70072878945371
"Central Asia","Pacific","Food supply quantity (g/capita/day)",0.0384540637186945,0.0749289009669468,0.0758382390581008
"Central Asia","Pacific","Protein supply quantity (g/capita/day)",0,0,0
"Central Asia","South Asia","Fat supply quantity (g/capita/day)",0.558633377816359,0.572095572613087,0.596555183970563
"Central Asia","South Asia","Food supply (kcal/capita/day)",242.300260420041,238.188176593345,242.1076224286
"Central Asia","South Asia","Food supply quantity (g/capita/day)",72.3882979412565,71.0362361920918,72.7250510255819
"Central Asia","South Asia","Protein supply quantity (g/capita/day)",1.53292175738181,1.51303742793183,1.49388332958242
"Central Asia","Southeast Asia","Fat supply quantity (g/capita/day)",0.265057072153195,0.313572409060489,0.354215734172542
"Central Asia","Southeast Asia","Food supply (kcal/capita/day)",238.767150797456,234.889962206849,239.049077298211
"Central Asia","Southeast Asia","Food supply quantity (g/capita/day)",71.0311208426726,69.8586434667642,71.5556427547507
"Central Asia","Southeast Asia","Protein supply quantity (g/capita/day)",1.42644882940544,1.40642493752999,1.41513221755173
"Central Asia","W Asia and SE Mediterranean","Fat supply quantity (g/capita/day)",6.85407926615963,6.7759947170242,6.55018212635133
"Central Asia","W Asia and SE Mediterranean","Food supply (kcal/capita/day)",1483.33800189161,1489.28176694606,1462.31679350547
"Central Asia","W Asia and SE Mediterranean","Food supply quantity (g/capita/day)",635.380252128059,642.878314881056,649.208953140935
"Central Asia","W Asia and SE Mediterranean","Protein supply quantity (g/capita/day)",37.646361245352,37.9259264452104,37.0808048584433
"East Asia","Africa","Fat supply quantity (g/capita/day)",11.9729200419839,11.1137956654637,11.4783899835843
"East Asia","Africa","Food supply (kcal/capita/day)",880.33817254148,879.477577117584,894.524392458114
"East Asia","Africa","Food supply quantity (g/capita/day)",220.038468990841,218.896255772406,223.916707690445
"East Asia","Africa","Protein supply quantity (g/capita/day)",15.3965194812736,15.6876654536692,15.687773790828
"East Asia","Central Asia","Fat supply quantity (g/capita/day)",2.9111641554412,2.91361450024568,3.00092510960992
"East Asia","Central Asia","Food supply (kcal/capita/day)",589.435179709408,597.339199396576,605.401084026059
"East Asia","Central Asia","Food supply quantity (g/capita/day)",324.190399130533,334.052389818352,344.757472411119
"East Asia","Central Asia","Protein supply quantity (g/capita/day)",17.4580747264455,17.7395763482438,17.9333247854129
"East Asia","East Asia","Fat supply quantity (g/capita/day)",12.0294940290416,11.9695393307994,11.9047453437231
"East Asia","East Asia","Food supply (kcal/capita/day)",930.25804853388,938.700594826845,950.432104242202
"East Asia","East Asia","Food supply quantity (g/capita/day)",319.980548705866,326.452325685739,339.354353106483
"East Asia","East Asia","Protein supply quantity (g/capita/day)",18.9523027683965,19.3651924951037,19.3771432350696
"East Asia","Europe","Fat supply quantity (g/capita/day)",5.89411121679303,6.37487018166097,6.07910301741591
"East Asia","Europe","Food supply (kcal/capita/day)",147.878727154875,153.756635560467,155.716506658331
"East Asia","Europe","Food supply quantity (g/capita/day)",69.2096547693508,72.4781845575948,76.9062330562435
"East Asia","Europe","Protein supply quantity (g/capita/day)",0.299431715979169,0.29380310785888,0.379197793263865
"East Asia","Latin America","Fat supply quantity (g/capita/day)",13.5577999253985,13.1176205922164,13.2920708990728
"East Asia","Latin America","Food supply (kcal/capita/day)",341.389891815233,344.945961684843,346.958705433046
"East Asia","Latin America","Food supply quantity (g/capita/day)",281.656326388411,287.02911193902,292.000975211655
"East Asia","Latin America","Protein supply quantity (g/capita/day)",6.42832950122411,6.86294277074223,6.89386334183758
"East Asia","North America","Fat supply quantity (g/capita/day)",0.337866435583012,0.44784205053675,0.435719513404949
"East Asia","North America","Food supply (kcal/capita/day)",9.38375644321357,11.4048593945806,11.2105689732949
"East Asia","North America","Food supply quantity (g/capita/day)",14.0530869675256,15.6132483419335,16.4191432238388
"East Asia","North America","Protein supply quantity (g/capita/day)",0.00497179092146711,0.0902670288715986,0.0903133967127318
"East Asia","Pacific","Fat supply quantity (g/capita/day)",0.530323544466457,0.797288106663454,0.518515107669481
"East Asia","Pacific","Food supply (kcal/capita/day)",7.24131874207517,9.08178665175677,7.14116173102252
"East Asia","Pacific","Food supply quantity (g/capita/day)",4.28616672736189,5.16941865857416,4.26830050495124
"East Asia","Pacific","Protein supply quantity (g/capita/day)",0.0110170983811732,0.0109637274225906,0.010908331976273
"East Asia","South Asia","Fat supply quantity (g/capita/day)",4.71717247773474,5.08519509303935,4.65778375508274
"East Asia","South Asia","Food supply (kcal/capita/day)",904.222348381331,909.947093104614,922.331528287066
"East Asia","South Asia","Food supply quantity (g/capita/day)",258.420018947009,257.715069846188,264.718375969986
"East Asia","South Asia","Protein supply quantity (g/capita/day)",15.3815477471553,15.5903524344351,15.6770060315874
"East Asia","Southeast Asia","Fat supply quantity (g/capita/day)",3.89825570130123,4.15779992507403,3.64328211444355
"East Asia","Southeast Asia","Food supply (kcal/capita/day)",889.04140382058,894.468752294373,907.644860734409
"East Asia","Southeast Asia","Food supply quantity (g/capita/day)",254.525217130065,256.318884669858,264.201196833651
"East Asia","Southeast Asia","Protein supply quantity (g/capita/day)",14.9250709566094,15.042238353687,15.2092260762737
"East Asia","W Asia and SE Mediterranean","Fat supply quantity (g/capita/day)",9.34584936181654,10.0222836355787,9.81555228613196
"East Asia","W Asia and SE Mediterranean","Food supply (kcal/capita/day)",726.227161502103,738.619973480977,747.24275657332
"East Asia","W Asia and SE Mediterranean","Food supply quantity (g/capita/day)",329.481412429414,337.178180102198,346.738218376282
"East Asia","W Asia and SE Mediterranean","Protein supply quantity (g/capita/day)",18.0198025900977,18.4782904203322,18.5059493526354
"Europe","Africa","Fat supply quantity (g/capita/day)",13.6951346208085,13.0302620772837,14.2580777693027
"Europe","Africa","Food supply (kcal/capita/day)",207.361099208529,201.34745394933,214.407664897988
"Europe","Africa","Food supply quantity (g/capita/day)",51.5992479751004,51.1894092825447,53.0010314443647
"Europe","Africa","Protein supply quantity (g/capita/day)",3.41305322710157,3.46341076815,3.49311185542171
"Europe","Central Asia","Fat supply quantity (g/capita/day)",4.20377378712211,4.22179283535699,4.26061807845816
"Europe","Central Asia","Food supply (kcal/capita/day)",1106.39825333566,1107.16773653602,1101.31914385252
"Europe","Central Asia","Food supply quantity (g/capita/day)",618.888228917673,615.525314065104,616.813821621379
"Europe","Central Asia","Protein supply quantity (g/capita/day)",32.2562113505784,32.2723506133156,32.122241308386
"Europe","East Asia","Fat supply quantity (g/capita/day)",8.67249145178772,8.93057947892114,9.07268326302905
"Europe","East Asia","Food supply (kcal/capita/day)",230.228766316392,233.83362465505,235.757317624708
"Europe","East Asia","Food supply quantity (g/capita/day)",247.480015208072,250.052792123452,251.479868445116
"Europe","East Asia","Protein supply quantity (g/capita/day)",2.10646402620009,2.06123392424408,2.20120100521651
"Europe","Europe","Fat supply quantity (g/capita/day)",14.7975034859513,15.0350005465372,15.2433836833928
"Europe","Europe","Food supply (kcal/capita/day)",547.105376500659,547.46658301118,552.119667232968
"Europe","Europe","Food supply quantity (g/capita/day)",188.465153019023,187.698436482458,187.88534212681
"Europe","Europe","Protein supply quantity (g/capita/day)",1.37918460120831,1.37877310595855,1.37969710144068
"Europe","Latin America","Fat supply quantity (g/capita/day)",11.3689672012421,10.3030922187528,11.3758116252524
"Europe","Latin America","Food supply (kcal/capita/day)",363.299953857968,355.7580844872,367.157322212604
"Europe","Latin America","Food supply quantity (g/capita/day)",394.113944969403,379.457412187324,386.200363224618
"Europe","Latin America","Protein supply quantity (g/capita/day)",8.1511598670835,8.17017574535768,8.30269670189096
"Europe","North America","Fat supply quantity (g/capita/day)",19.7774727279079,20.3278461026805,19.0324786939153
"Europe","North America","Food supply (kcal/capita/day)",230.823569225345,237.444560964724,223.182512345759
"Europe","North America","Food supply quantity (g/capita/day)",103.56188691886,107.562522785713,101.015390588197
"Europe","North America","Protein supply quantity (g/capita/day)",0.234373593089033,0.236305179235662,0.231844476359717
"Europe","Pacific","Fat supply quantity (g/capita/day)",1.40643726052905,2.20205123398272,1.50383751093819
"Europe","Pacific","Food supply (kcal/capita/day)",12.7546485148606,19.7755710523055,13.5656916546947
"Europe","Pacific","Food supply quantity (g/capita/day)",2.99747466188248,3.88157484513784,3.1302276003173
"Europe","Pacific","Protein supply quantity (g/capita/day)",0.0103373498905505,0.0211240168479684,0.0188125236698264
"Europe","South Asia","Fat supply quantity (g/capita/day)",2.02605496983964,2.84841381622912,2.14753897853771
"Europe","South Asia","Food supply (kcal/capita/day)",476.559540453964,483.462276209821,482.489151723917
"Europe","South Asia","Food supply quantity (g/capita/day)",159.493665995954,161.060052862124,163.323134320426
"Europe","South Asia","Protein supply quantity (g/capita/day)",2.43206699681028,2.46368975648882,2.55119668684497
"Europe","Southeast Asia","Fat supply quantity (g/capita/day)",1.57584044556093,2.35165798720464,1.67227222176864
"Europe","Southeast Asia","Food supply (kcal/capita/day)",457.105756775634,463.216144015254,463.342972369645
"Europe","Southeast Asia","Food supply quantity (g/capita/day)",153.129324156082,153.795836486863,156.345947001535
"Europe","Southeast Asia","Protein supply quantity (g/capita/day)",1.50735122270185,1.49895436912886,1.61598494585007
"Europe","W Asia and SE Mediterranean","Fat supply quantity (g/capita/day)",19.1837046213537,19.4768924847226,19.6867661641556
"Europe","W Asia and SE Mediterranean","Food supply (kcal/capita/day)",1716.79331643834,1721.47467570429,1716.60294936277
"Europe","W Asia and SE Mediterranean","Food supply quantity (g/capita/day)",795.134363242881,796.497668546151,793.603695609631
"Europe","W Asia and SE Mediterranean","Protein supply quantity (g/capita/day)",35.2451595244353,35.3597390318081,35.1028901574775
"Latin America","Africa","Fat supply quantity (g/capita/day)",11.3781472472736,11.5040036136764,12.6046389302352
"Latin America","Africa","Food supply (kcal/capita/day)",399.980154251289,396.493846294157,406.677117860576
"Latin America","Africa","Food supply quantity (g/capita/day)",101.996821979849,101.571934574628,102.502518754005
"Latin America","Africa","Protein supply quantity (g/capita/day)",7.28217853958107,7.19217100168581,7.19507834562096
"Latin America","Central Asia","Fat supply quantity (g/capita/day)",1.36461018199666,1.38036492008097,1.4093220726217
"Latin America","Central Asia","Food supply (kcal/capita/day)",436.128029559144,443.05665133232,446.135670859082
"Latin America","Central Asia","Food supply quantity (g/capita/day)",298.785594559776,306.408172395639,308.551448167873
"Latin America","Central Asia","Protein supply quantity (g/capita/day)",11.0537489113808,11.134845339145,11.3022969770497
"Latin America","East Asia","Fat supply quantity (g/capita/day)",20.3483043829497,20.619902423731,21.0847591976111
"Latin America","East Asia","Food supply (kcal/capita/day)",495.935194479439,496.108617140889,503.054024234189
"Latin America","East Asia","Food supply quantity (g/capita/day)",214.804834730518,216.435452430488,223.160155301433
"Latin America","East Asia","Protein supply quantity (g/capita/day)",7.12619591190754,7.10225212998212,7.16183587581967
"Latin America","Europe","Fat supply quantity (g/capita/day)",1.51165209933778,1.66897241907292,1.75974130310513
"Latin America","Europe","Food supply (kcal/capita/day)",405.973381410161,399.593742837949,393.495196060243
"Latin America","Europe","Food supply quantity (g/capita/day)",137.392286929898,135.474507338082,135.012526288353
"Latin America","Europe","Protein supply quantity (g/capita/day)",0.614978607279283,0.699012953090296,0.657571891323455
"Latin America","Latin America","Fat supply quantity (g/capita/day)",16.0891209956544,16.1834339342008,17.1979785003499
"Latin America","Latin America","Food supply (kcal/capita/day)",694.916873229817,700.644876907876,706.25626901347
"Latin America","Latin America","Food supply quantity (g/capita/day)",368.57949230126,370.34718885613,372.587210491827
"Latin America","Latin America","Protein supply quantity (g/capita/day)",17.1082123453583,17.2820906320569,17.1667821552987
"Latin America","North America","Fat supply quantity (g/capita/day)",2.8954295041901,2.96229651656703,3.04106256638092
"Latin America","North America","Food supply (kcal/capita/day)",34.8002804019365,35.6875818199892,37.4201925494076
"Latin America","North America","Food supply quantity (g/capita/day)",18.3541011302433,18.1449460380778,19.1358457115573
"Latin America","North America","Protein supply quantity (g/capita/day)",0.0357044079524811,0.0367398275359339,0.0370609794720603
"Latin America","Pacific","Fat supply quantity (g/capita/day)",2.17090240398086,2.14391902120087,2.06312685689325
"Latin America","Pacific","Food supply (kcal/capita/day)",26.1047341130404,25.8631116285543,25.5613612567298
"Latin America","Pacific","Food supply quantity (g/capita/day)",18.1494608003928,17.78580838733,18.206733680223
"Latin America","Pacific","Protein supply quantity (g/capita/day)",0.257522505192098,0.260688398317883,0.267865288756626
"Latin America","South Asia","Fat supply quantity (g/capita/day)",3.13192733094766,3.13305376690657,3.09757384596596
"Latin America","South Asia","Food supply (kcal/capita/day)",768.623721388587,754.512239654888,750.765590410447
"Latin America","South Asia","Food supply quantity (g/capita/day)",326.189170861792,320.928094676488,324.737231935945
"Latin America","South Asia","Protein supply quantity (g/capita/day)",7.84794879739198,7.72033737426178,7.82432014813227
"Latin America","Southeast Asia","Fat supply quantity (g/capita/day)",2.84804775463686,2.82243021885332,2.73782079298256
"Latin America","Southeast Asia","Food supply (kcal/capita/day)",750.906965396533,738.142788927089,732.835201341815
"Latin America","Southeast Asia","Food supply quantity (g/capita/day)",312.467419932879,308.204501342304,310.379078958222
"Latin America","Southeast Asia","Protein supply quantity (g/capita/day)",6.77165275164778,6.71113819519055,6.77756320059633
"Latin America","W Asia and SE Mediterranean","Fat supply quantity (g/capita/day)",3.02556147492986,3.20659499280443,3.39184094858785
"Latin America","W Asia and SE Mediterranean","Food supply (kcal/capita/day)",849.75166050557,847.851027340539,845.978276972311
"Latin America","W Asia and SE Mediterranean","Food supply quantity (g/capita/day)",424.292361660246,430.813519942017,431.400211618779
"Latin America","W Asia and SE Mediterranean","Protein supply quantity (g/capita/day)",12.4900783047441,12.5428468293567,12.728135035482
"North America","Africa","Fat supply quantity (g/capita/day)",5.47866800681729,5.52808099938505,5.57766679355121
"North America","Africa","Food supply (kcal/capita/day)",151.358475724337,150.640575333527,150.028898193756
"North America","Africa","Food supply quantity (g/capita/day)",44.1467202726915,45.5468584445093,44.5403736129754
"North America","Africa","Protein supply quantity (g/capita/day)",3.55234103919941,3.57143830494871,3.30079679678533
"North America","Central Asia","Fat supply quantity (g/capita/day)",2.97049949744352,3.06059046172767,2.94077773548293
"North America","Central Asia","Food supply (kcal/capita/day)",734.278355110781,730.295571537042,707.906290516001
"North America","Central Asia","Food supply quantity (g/capita/day)",541.164934667658,535.512187728258,504.399809386976
"North America","Central Asia","Protein supply quantity (g/capita/day)",20.759001005113,20.7591143074085,19.8927220741902
"North America","East Asia","Fat supply quantity (g/capita/day)",53.4732596250491,53.5536222511569,55.3089782741221
"North America","East Asia","Food supply (kcal/capita/day)",621.484412008915,621.107797085801,639.466641289757
"North America","East Asia","Food supply quantity (g/capita/day)",294.688345059652,287.576381530893,272.875371709707
"North America","East Asia","Protein supply quantity (g/capita/day)",2.48850150766945,2.49852384568081,2.42831490645365
"North America","Europe","Fat supply quantity (g/capita/day)",11.1728907922912,11.6074489062369,11.6434654936047
"North America","Europe","Food supply (kcal/capita/day)",440.860542761002,436.049772932648,452.717804000584
"North America","Europe","Food supply quantity (g/capita/day)",169.950050255648,172.18228614817,154.527411354926
"North America","Europe","Protein supply quantity (g/capita/day)",1.39016649914784,1.19014761543192,0.959222264517071
"North America","Latin America","Fat supply quantity (g/capita/day)",15.7673259625049,15.5157570018449,16.2064811290244
"North America","Latin America","Food supply (kcal/capita/day)",396.54162478696,390.605904617276,401.420739612878
"North America","Latin America","Food supply quantity (g/capita/day)",363.524974872175,354.46309614202,357.381852838732
"North America","Latin America","Protein supply quantity (g/capita/day)",10.1016649914784,9.87044284629576,10.080259245161
"North America","North America","Fat supply quantity (g/capita/day)",1.1491675042608,1.6,2.14077773548293
"North America","North America","Food supply (kcal/capita/day)",35.5733601363458,41.9852384568081,47.2961113225854
"North America","North America","Food supply quantity (g/capita/day)",43.5733601363458,43.8719530679355,45.4805566129268
"North America","North America","Protein supply quantity (g/capita/day)",0.290166499147839,0.380295230863837,0.470388867741465
"North America","Pacific","Fat supply quantity (g/capita/day)",0.909833500852161,0.9,0.919740754839024
"North America","Pacific","Food supply (kcal/capita/day)",9.09833500852161,9.09852384568081,9.19740754839024
"North America","Pacific","Food supply quantity (g/capita/day)",5,5,5.90129622580488
"North America","Pacific","Protein supply quantity (g/capita/day)",0,0,0.00987037741951179
"North America","South Asia","Fat supply quantity (g/capita/day)",1.27866800681729,1.26896669197657,1.30857415161463
"North America","South Asia","Food supply (kcal/capita/day)",413.406860988507,416.162717648315,437.891307645414
"North America","South Asia","Food supply quantity (g/capita/day)",154.753380238605,158.773429222254,168.45463209683
"North America","South Asia","Protein supply quantity (g/capita/day)",2.53267403749508,2.8221763821083,2.80209302259022
"North America","Southeast Asia","Fat supply quantity (g/capita/day)",1.11966700170432,1.10985238456808,1.12961113225853
"North America","Southeast Asia","Food supply (kcal/capita/day)",399.801765502775,397.970476913616,422.797598161414
"North America","Southeast Asia","Food supply quantity (g/capita/day)",140.261705195997,142.886714611128,150.270186806488
"North America","Southeast Asia","Protein supply quantity (g/capita/day)",1.65900100511296,1.74926192284041,1.7789630193561
"North America","W Asia and SE Mediterranean","Fat supply quantity (g/capita/day)",13.8122247956999,14.3665632136454,14.2730766258633
"North America","W Asia and SE Mediterranean","Food supply (kcal/capita/day)",1154.80902853647,1149.49330057481,1143.3957681619
"North America","W Asia and SE Mediterranean","Food supply quantity (g/capita/day)",615.621745400515,608.379333839531,603.394815096781
"North America","W Asia and SE Mediterranean","Protein supply quantity (g/capita/day)",22.2015085434602,22.1305526123572,21.0639077387171
"Pacific","Africa","Fat supply quantity (g/capita/day)",23.5168504539604,21.499657452129,21.1970010131712
"Pacific","Africa","Food supply (kcal/capita/day)",364.625386996904,355.529236460795,349.702228976698
"Pacific","Africa","Food supply quantity (g/capita/day)",87.2573138066581,88.7667591545919,87.3193177980412
"Pacific","Africa","Protein supply quantity (g/capita/day)",4.47717327025428,4.81922036104546,5.23247551502871
"Pacific","Central Asia","Fat supply quantity (g/capita/day)",2.68004661355968,2.6053403213099,2.54672745694023
"Pacific","Central Asia","Food supply (kcal/capita/day)",695.894910773299,671.94861781934,659.700945626478
"Pacific","Central Asia","Food supply quantity (g/capita/day)",510.034855811041,482.395985338951,496.815636609254
"Pacific","Central Asia","Protein supply quantity (g/capita/day)",20.2305840609455,18.8769122734902,18.1247382641
"Pacific","East Asia","Fat supply quantity (g/capita/day)",4.5348279820503,4.20973863597438,5.13147247551503
"Pacific","East Asia","Food supply (kcal/capita/day)",251.437402163704,255.921590792313,243.496082404593
"Pacific","East Asia","Food supply quantity (g/capita/day)",237.495564754583,248.040352139212,227.989294157379
"Pacific","East Asia","Protein supply quantity (g/capita/day)",3.23384005287509,3.32154626108999,3.03391759540695
"Pacific","Europe","Fat supply quantity (g/capita/day)",21.5563293561067,25.4998869592025,24.4152887537994
"Pacific","Europe","Food supply (kcal/capita/day)",615.612029081295,639.345870585414,637.996892941574
"Pacific","Europe","Food supply quantity (g/capita/day)",207.659929731798,206.047785428014,211.589530563999
"Pacific","Europe","Protein supply quantity (g/capita/day)",0.941726093157546,0.991847360668654,1.90728807835191
"Pacific","Latin America","Fat supply quantity (g/capita/day)",22.4407312067346,20.2724454492515,20.4987335359675
"Pacific","Latin America","Food supply (kcal/capita/day)",374.728389049292,359.181344842942,353.997399527187
"Pacific","Latin America","Food supply quantity (g/capita/day)",306.531220649111,310.258897680951,283.755656872678
"Pacific","Latin America","Protein supply quantity (g/capita/day)",5.69478554283925,6.10798479087453,5.6768929415738
"Pacific","North America","Fat supply quantity (g/capita/day)",4.67537482172053,2.89508443805022,3.81603512326916
"Pacific","North America","Food supply (kcal/capita/day)",89.4174348627682,77.7440139759532,80.2009118541034
"Pacific","North America","Food supply quantity (g/capita/day)",79.8925800953143,82.9784879936971,75.0257345491388
"Pacific","North America","Protein supply quantity (g/capita/day)",0.122618012314328,0.198376323091152,0.198324890239784
"Pacific","Pacific","Fat supply quantity (g/capita/day)",3.62690367690542,4.7391429452266,4.2506990881459
"Pacific","Pacific","Food supply (kcal/capita/day)",50.9390545100358,60.0809440619327,55.4280310705843
"Pacific","Pacific","Food supply quantity (g/capita/day)",40.42926218388,40.0331586339191,39.708713272543
"Pacific","Pacific","Protein supply quantity (g/capita/day)",0.570581278046404,0.544517521323605,0.547132725430598
"Pacific","South Asia","Fat supply quantity (g/capita/day)",4.5338470101228,5.66695440687836,5.13476865923674
"Pacific","South Asia","Food supply (kcal/capita/day)",620.608967892302,625.893193573801,594.169368456602
"Pacific","South Asia","Food supply quantity (g/capita/day)",235.06588513584,236.078546226835,218.495947315096
"Pacific","South Asia","Protein supply quantity (g/capita/day)",4.38673600723553,4.59950330558695,4.19452549814252
"Pacific","Southeast Asia","Fat supply quantity (g/capita/day)",4.00863394441159,5.11435960675504,4.58821681864235
"Pacific","Southeast Asia","Food supply (kcal/capita/day)",600.890005913661,602.688589730415,573.315636609254
"Pacific","Southeast Asia","Food supply quantity (g/capita/day)",227.708456534595,227.76583427534,210.918237082067
"Pacific","Southeast Asia","Protein supply quantity (g/capita/day)",3.57421643997635,3.56785530777926,3.31383316447146
"Pacific","W Asia and SE Mediterranean","Fat supply quantity (g/capita/day)",24.4246564858942,28.4896173740281,27.2459945964201
"Pacific","W Asia and SE Mediterranean","Food supply (kcal/capita/day)",1334.0407694716,1348.90785462268,1325.80354609929
"Pacific","W Asia and SE Mediterranean","Food supply quantity (g/capita/day)",656.651198385919,642.363820093858,646.616075650118
"Pacific","W Asia and SE Mediterranean","Protein supply quantity (g/capita/day)",21.6867081782446,20.8834104066044,20.8635562310031
"South Asia","Africa","Fat supply quantity (g/capita/day)",12.6984695495953,11.907413142201,11.8846025679962
"South Asia","Africa","Food supply (kcal/capita/day)",1094.81194110336,1090.50954202413,1095.35543351106
"South Asia","Africa","Food supply quantity (g/capita/day)",294.001786450659,294.672206002644,296.570970000675
"South Asia","Africa","Protein supply quantity (g/capita/day)",23.8475601755596,23.7250517377255,24.1056732413219
"South Asia","Central Asia","Fat supply quantity (g/capita/day)",2.19435739682851,2.27769571881445,2.18484989089109
"South Asia","Central Asia","Food supply (kcal/capita/day)",473.388811830081,485.520859184399,480.081221457335
"South Asia","Central Asia","Food supply quantity (g/capita/day)",177.833795926488,185.979960574679,189.750004218127
"South Asia","Central Asia","Protein supply quantity (g/capita/day)",13.7921401217497,14.1119400063075,14.0576242660457
"South Asia","East Asia","Fat supply quantity (g/capita/day)",8.29006357111343,8.31845223221501,8.15627544937121
"South Asia","East Asia","Food supply (kcal/capita/day)",942.389376313885,952.475750010145,948.280312872601
"South Asia","East Asia","Food supply quantity (g/capita/day)",276.186061936057,280.370098976209,275.229709399113
"South Asia","East Asia","Protein supply quantity (g/capita/day)",17.6399187374018,17.890404155819,17.8317625025309
"South Asia","Europe","Fat supply quantity (g/capita/day)",4.97713054787371,4.51897455721263,5.40863577309847
"South Asia","Europe","Food supply (kcal/capita/day)",269.131282495667,263.517219923954,266.423516906256
"South Asia","Europe","Food supply quantity (g/capita/day)",93.8073199779686,116.380119756727,96.4325254212504
"South Asia","Europe","Protein supply quantity (g/capita/day)",1.29350238049236,1.18171663174771,1.16339185282671
"South Asia","Latin America","Fat supply quantity (g/capita/day)",12.0127158087185,11.7396172511767,11.2232475084925
"South Asia","Latin America","Food supply (kcal/capita/day)",238.037301349283,250.362877407753,252.235455895255
"South Asia","Latin America","Food supply quantity (g/capita/day)",144.615049440995,151.859450651073,167.651291590741
"South Asia","Latin America","Protein supply quantity (g/capita/day)",4.42033684471577,5.26782230271499,5.34718327484196
"South Asia","North America","Fat supply quantity (g/capita/day)",1.72944103847718,1.21455227201052,1.55442861240467
"South Asia","North America","Food supply (kcal/capita/day)",16.5412909449012,11.3918775864413,14.7021326854289
"South Asia","North America","Food supply quantity (g/capita/day)",5.29161247718274,2.73344908915263,3.57368366290972
"South Asia","North America","Protein supply quantity (g/capita/day)",0,0,0
"South Asia","Pacific","Fat supply quantity (g/capita/day)",3.17713667573109,3.1430161011646,2.98458850757013
"South Asia","Pacific","Food supply (kcal/capita/day)",33.9088160402795,32.7856623674699,31.22542799937
"South Asia","Pacific","Food supply quantity (g/capita/day)",17.6626874042973,18.3933241782298,16.800232278239
"South Asia","Pacific","Protein supply quantity (g/capita/day)",0.215690486970013,0.299896061810475,0.215402212548649
"South Asia","South Asia","Fat supply quantity (g/capita/day)",8.31379005816418,8.45082492039118,7.94046070392118
"South Asia","South Asia","Food supply (kcal/capita/day)",1244.44496391052,1256.9506201052,1248.65623804863
"South Asia","South Asia","Food supply quantity (g/capita/day)",418.280246383122,450.218342812354,422.044017569909
"South Asia","South Asia","Protein supply quantity (g/capita/day)",22.3147192576209,22.6527724088245,22.7938616397831
"South Asia","Southeast Asia","Fat supply quantity (g/capita/day)",7.13567256478948,7.02768066201508,6.86299436458122
"South Asia","Southeast Asia","Food supply (kcal/capita/day)",1166.0777625102,1176.86718051999,1164.71857916582
"South Asia","Southeast Asia","Food supply quantity (g/capita/day)",391.847561256946,425.452677867786,394.737723841983
"South Asia","Southeast Asia","Protein supply quantity (g/capita/day)",18.0572564645291,18.4783417729719,18.2923404422847
"South Asia","W Asia and SE Mediterranean","Fat supply quantity (g/capita/day)",8.26227409833986,8.13248438613465,8.6694575206407
"South Asia","W Asia and SE Mediterranean","Food supply (kcal/capita/day)",817.148458519452,825.335953857139,824.802552248544
"South Asia","W Asia and SE Mediterranean","Food supply quantity (g/capita/day)",289.488872531915,317.524635842586,300.43831972284
"South Asia","W Asia and SE Mediterranean","Protein supply quantity (g/capita/day)",19.3386264804183,19.4650851688034,19.7180772086117
"Southeast Asia","Africa","Fat supply quantity (g/capita/day)",14.9584247500214,15.1849867486913,15.982714806747
"Southeast Asia","Africa","Food supply (kcal/capita/day)",1357.82904879925,1359.06160633901,1371.15392640443
"Southeast Asia","Africa","Food supply quantity (g/capita/day)",366.891436629348,366.736723776514,369.238916013588
"Southeast Asia","Africa","Protein supply quantity (g/capita/day)",24.7727211349457,24.8183726142999,24.9879432801689
"Southeast Asia","Central Asia","Fat supply quantity (g/capita/day)",0.391684813263824,0.441290706179046,0.424084228448384
"Southeast Asia","Central Asia","Food supply (kcal/capita/day)",142.071171694727,150.353423972622,146.244756587129
"Southeast Asia","Central Asia","Food supply quantity (g/capita/day)",82.7711460558925,87.2534927206482,85.9567490422894
"Southeast Asia","Central Asia","Protein supply quantity (g/capita/day)",3.71393094607299,3.95974811534128,3.82168840815577
"Southeast Asia","East Asia","Fat supply quantity (g/capita/day)",7.87204854285958,8.44266566669538,8.75856581286462
"Southeast Asia","East Asia","Food supply (kcal/capita/day)",1293.14307153235,1297.50801412797,1305.20694559203
"Southeast Asia","East Asia","Food supply quantity (g/capita/day)",383.530556362704,381.897320516134,382.712374704758
"Southeast Asia","East Asia","Protein supply quantity (g/capita/day)",24.8721522946757,25.0597119677306,25.1913970471635
"Southeast Asia","Europe","Fat supply quantity (g/capita/day)",0.178709512007521,0.160083071938813,0.133301952143686
"Southeast Asia","Europe","Food supply (kcal/capita/day)",186.237784804717,187.345378595547,191.598270696145
"Southeast Asia","Europe","Food supply quantity (g/capita/day)",74.8956448166823,74.96525099786,76.9793752138678
"Southeast Asia","Europe","Protein supply quantity (g/capita/day)",0.192358430903342,0.205055598065596,0.209514676548403
"Southeast Asia","Latin America","Fat supply quantity (g/capita/day)",16.5552851893001,16.9564007452489,17.5686800704407
"Southeast Asia","Latin America","Food supply (kcal/capita/day)",410.578644560294,425.822511853544,437.327068779889
"Southeast Asia","Latin America","Food supply quantity (g/capita/day)",210.76923510811,219.53314347392,221.71961741656
"Southeast Asia","Latin America","Protein supply quantity (g/capita/day)",7.34266387488249,7.52329595265001,7.57731089912116
"Southeast Asia","North America","Fat supply quantity (g/capita/day)",0.390894624391078,0.381928897312071,0.356787100328001
"Southeast Asia","North America","Food supply (kcal/capita/day)",3.86993590291428,4.02669686850209,3.72612066735105
"Southeast Asia","North America","Food supply quantity (g/capita/day)",2.08268011281087,2.12755883699286,2.25344984434596
"Southeast Asia","North America","Protein supply quantity (g/capita/day)",0.0176190069224853,0.01761148750796,0.00873849286829081
"Southeast Asia","Pacific","Fat supply quantity (g/capita/day)",6.5541059738484,6.68065933917438,6.44174315831643
"Southeast Asia","Pacific","Food supply (kcal/capita/day)",71.7280659772669,72.2676105584807,70.2100369730506
"Southeast Asia","Pacific","Food supply quantity (g/capita/day)",37.8481138364242,37.9042915997345,36.9097239957602
"Southeast Asia","Pacific","Protein supply quantity (g/capita/day)",0.429477480557218,0.42565382413005,0.373030872079922
"Southeast Asia","South Asia","Fat supply quantity (g/capita/day)",11.5574921801555,11.6753285800915,11.3628540190457
"Southeast Asia","South Asia","Food supply (kcal/capita/day)",1560.72673275788,1559.61135237671,1569.76950850046
"Southeast Asia","South Asia","Food supply quantity (g/capita/day)",529.393007435262,529.179734703564,534.378066551491
"Southeast Asia","South Asia","Protein supply quantity (g/capita/day)",25.6477065208102,25.7078401464823,25.8561688241235
"Southeast Asia","Southeast Asia","Fat supply quantity (g/capita/day)",10.5788534313306,10.7711663685333,10.5332987806405
"Southeast Asia","Southeast Asia","Food supply (kcal/capita/day)",1537.97276813948,1536.64517235147,1547.02113723428
"Southeast Asia","Southeast Asia","Food supply quantity (g/capita/day)",525.40545423468,524.842129533442,529.889725164208
"Southeast Asia","Southeast Asia","Protein supply quantity (g/capita/day)",24.7438924878215,24.7523682596953,24.8128549371124
"Southeast Asia","W Asia and SE Mediterranean","Fat supply quantity (g/capita/day)",1.53181591316981,1.49317164878711,1.36987155412003
"Southeast Asia","W Asia and SE Mediterranean","Food supply (kcal/capita/day)",348.53638321511,357.925296064133,357.803747381423
"Southeast Asia","W Asia and SE Mediterranean","Food supply quantity (g/capita/day)",158.669380394838,163.655254832209,164.711697004599
"Southeast Asia","W Asia and SE Mediterranean","Protein supply quantity (g/capita/day)",4.78872181864798,5.08364050356662,5.01295024912993
"W Asia and SE Mediterranean","Africa","Fat supply quantity (g/capita/day)",19.4650236439177,19.6282643975154,20.227483512427
"W Asia and SE Mediterranean","Africa","Food supply (kcal/capita/day)",421.867410408714,425.337981441071,427.753266053929
"W Asia and SE Mediterranean","Africa","Food supply quantity (g/capita/day)",97.1204957344804,98.3389174653969,97.8603229209433
"W Asia and SE Mediterranean","Africa","Protein supply quantity (g/capita/day)",7.95348692216789,8.25618415849377,8.04263338268207
"W Asia and SE Mediterranean","Central Asia","Fat supply quantity (g/capita/day)",5.73538093802058,5.7372554376412,5.70984530066021
"W Asia and SE Mediterranean","Central Asia","Food supply (kcal/capita/day)",1205.80611452258,1198.29022757571,1202.13867446835
"W Asia and SE Mediterranean","Central Asia","Food supply quantity (g/capita/day)",493.890179437671,489.53018031803,494.084968664687
"W Asia and SE Mediterranean","Central Asia","Protein supply quantity (g/capita/day)",35.6332122179956,35.4151038630409,35.5344856390605
"W Asia and SE Mediterranean","East Asia","Fat supply quantity (g/capita/day)",8.48491497839609,9.15432485651974,9.3238518433801
"W Asia and SE Mediterranean","East Asia","Food supply (kcal/capita/day)",314.008026898195,317.235930606359,317.040949923684
"W Asia and SE Mediterranean","East Asia","Food supply quantity (g/capita/day)",195.620586418458,192.40269908855,192.35929742137
"W Asia and SE Mediterranean","East Asia","Protein supply quantity (g/capita/day)",5.10475245434092,5.02477598327525,4.93038799684821
"W Asia and SE Mediterranean","Europe","Fat supply quantity (g/capita/day)",6.19624448433679,6.05047311722492,6.45881437360313
"W Asia and SE Mediterranean","Europe","Food supply (kcal/capita/day)",359.884115293729,370.411856796787,366.328146981378
"W Asia and SE Mediterranean","Europe","Food supply quantity (g/capita/day)",148.360297800168,155.213027526432,157.78569386945
"W Asia and SE Mediterranean","Europe","Protein supply quantity (g/capita/day)",0.549924849898009,0.568830579796098,0.524144174291301
"W Asia and SE Mediterranean","Latin America","Fat supply quantity (g/capita/day)",18.150689698928,18.5638952778831,18.9389254426144
"W Asia and SE Mediterranean","Latin America","Food supply (kcal/capita/day)",396.429432608569,405.949036562323,414.600029401912
"W Asia and SE Mediterranean","Latin America","Food supply quantity (g/capita/day)",297.558489653326,294.748137469502,297.230633906247
"W Asia and SE Mediterranean","Latin America","Protein supply quantity (g/capita/day)",8.14968655435236,8.31753812159297,8.47257733842379
"W Asia and SE Mediterranean","North America","Fat supply quantity (g/capita/day)",9.20633198199154,8.98052479965439,8.87350718089187
"W Asia and SE Mediterranean","North America","Food supply (kcal/capita/day)",105.165629693529,102.819003308655,101.141516758584
"W Asia and SE Mediterranean","North America","Food supply quantity (g/capita/day)",46.3286228632351,45.558436107554,44.0955513188821
"W Asia and SE Mediterranean","North America","Protein supply quantity (g/capita/day)",0.244001239458904,0.244979057798715,0.232417610592808
"W Asia and SE Mediterranean","Pacific","Fat supply quantity (g/capita/day)",0.434625937429649,0.468907701423898,0.45830729590748
"W Asia and SE Mediterranean","Pacific","Food supply (kcal/capita/day)",5.6785885704921,6.12356140603839,6.08860257451286
"W Asia and SE Mediterranean","Pacific","Food supply quantity (g/capita/day)",3.60875776417041,3.69909690039146,3.49047844194873
"W Asia and SE Mediterranean","Pacific","Protein supply quantity (g/capita/day)",0.0299272997348609,0.0297422920617079,0.0277518020025247
"W Asia and SE Mediterranean","South Asia","Fat supply quantity (g/capita/day)",2.58060125095231,2.62109808664221,2.71983400598921
"W Asia and SE Mediterranean","South Asia","Food supply (kcal/capita/day)",581.673816657838,596.887706808826,587.836732402823
"W Asia and SE Mediterranean","South Asia","Food supply quantity (g/capita/day)",217.611567782586,224.493854712026,224.471360885228
"W Asia and SE Mediterranean","South Asia","Protein supply quantity (g/capita/day)",8.09196565727886,8.3752313424358,8.19764792204373
"W Asia and SE Mediterranean","Southeast Asia","Fat supply quantity (g/capita/day)",0.932563705691225,0.983751141744372,0.982896160473472
"W Asia and SE Mediterranean","Southeast Asia","Food supply (kcal/capita/day)",487.341090431578,497.69065855446,488.207610759315
"W Asia and SE Mediterranean","Southeast Asia","Food supply quantity (g/capita/day)",175.710280308266,182.497600014013,182.450213101863
"W Asia and SE Mediterranean","Southeast Asia","Protein supply quantity (g/capita/day)",4.24694309198273,4.18180491413112,4.11987065837108
"W Asia and SE Mediterranean","W Asia and SE Mediterranean","Fat supply quantity (g/capita/day)",13.536479034011,13.3842591583639,13.8608602852133
"W Asia and SE Mediterranean","W Asia and SE Mediterranean","Food supply (kcal/capita/day)",1657.78372605732,1665.85464051852,1663.29044734329
"W Asia and SE Mediterranean","W Asia and SE Mediterranean","Food supply quantity (g/capita/day)",645.778228334871,650.097178396705,652.973472594559
"W Asia and SE Mediterranean","W Asia and SE Mediterranean","Protein supply quantity (g/capita/day)",40.1712236542904,40.3313975931378,40.2658395756514
