Country,Data type,Region,Region_nice,Region_code,Region_macronew,Region_macro1,Region_macro1_nice,Region_macro2,Region_macro2_nice,Region_macro3,Region_macro3_nice
Afghanistan,Food supplies (2009-2011 mean) ,Asia_West,West Asia,WAS,W Asia and SE Mediterranean,Asia_West,West Asia,Asia and the Pacific,Asia and the Pacific,Developing_country,Developing countries
Albania,Food supplies (2009-2011 mean) ,Europe_Eastern_south,SE Europe,EEU-S,Europe,Europe_Eastern,Eastern Europe,Europe,Europe,Developed_country,Developed countries
Algeria,Food supplies (2009-2011 mean) ,Mediterranean_SouthandEast,SE Mediterranean,SEM,W Asia and SE Mediterranean,Mediterranean_SouthandEast,South and East Mediterranean,Africa,Africa,Developing_country,Developing countries
Angola,Food supplies (2009-2011 mean) ,Africa_Central,Central Africa,CAF,Africa,Africa_Central,Central Africa,Africa,Africa,Developing_country,Developing countries
Angola,Food supplies (2009-2011 mean) ,Africa_Southern,Southern Africa,SAF,Africa,Africa_Southern,Southern Africa,Africa,Africa,Developing_country,Developing countries
Antigua and Barbuda,Food supplies (2009-2011 mean) ,America_Caribbean,Caribbean,CAR,Latin America,America_Caribbean,Caribbean,Latin America and the Caribbean,Latin America and the Caribbean,Developing_country,Developing countries
Argentina,Food supplies (2009-2011 mean) ,America_South_temperate,Temp. S. America,SAM-Tem,Latin America,America_South,South America,Latin America and the Caribbean,Latin America and the Caribbean,Developing_country,Developing countries
Armenia,Food supplies (2009-2011 mean) ,Asia_Central,Central Asia,CAS,Central Asia,Asia_Central,Central Asia,Asia and the Pacific,Asia and the Pacific,Developing_country,Developing countries
Armenia,Food supplies (2009-2011 mean) ,Europe_Eastern_south,SE Europe,EEU-S,Europe,Europe_Eastern,Eastern Europe,Europe,Europe,Developing_country,Developing countries
Australia,Food supplies (2009-2011 mean) ,Pacific_Region_ausnz,Australia New Zealand,PAC-ANZ,Pacific,Pacific_Region,Pacific,Australia and New Zealand,Asia and the Pacific,Developed_country,Developed countries
Austria,Food supplies (2009-2011 mean) ,Europe_Western_north,NW Europe,WEU-N,Europe,Europe_Western,Western Europe,Europe,Europe,Developed_country,Developed countries
Azerbaijan,Food supplies (2009-2011 mean) ,Asia_Central,Central Asia,CAS,Central Asia,Asia_Central,Central Asia,Asia and the Pacific,Asia and the Pacific,Developing_country,Developing countries
Bahamas,Food supplies (2009-2011 mean) ,America_Caribbean,Caribbean,CAR,Latin America,America_Caribbean,Caribbean,Latin America and the Caribbean,Latin America and the Caribbean,Developing_country,Developing countries
Bangladesh,Food supplies (2009-2011 mean) ,Asia_South,South Asia,SAS,South Asia,Asia_South,South Asia,Asia and the Pacific,Asia and the Pacific,Developing_country,Developing countries
Barbados,Food supplies (2009-2011 mean) ,America_Caribbean,Caribbean,CAR,Latin America,America_Caribbean,Caribbean,Latin America and the Caribbean,Latin America and the Caribbean,Developing_country,Developing countries
Belarus,Food supplies (2009-2011 mean) ,Europe_Eastern_north,NE Europe,EEU-N,Europe,Europe_Eastern,Eastern Europe,Europe,Europe,Developed_country,Developed countries
Belgium,Food supplies (2009-2011 mean) ,Europe_Western_north,NW Europe,WEU-N,Europe,Europe_Western,Western Europe,Europe,Europe,Developed_country,Developed countries
Belize,Food supplies (2009-2011 mean) ,America_Central_and_Mexico,Central America,CAM,Latin America,America_Central_and_Mexico,Central America and Mexico,Latin America and the Caribbean,Latin America and the Caribbean,Developing_country,Developing countries
Benin,Food supplies (2009-2011 mean) ,Africa_West,West Africa,WAF,Africa,Africa_West,West Africa,Africa,Africa,Developing_country,Developing countries
Bermuda,Food supplies (2009-2011 mean) ,America_Caribbean,Caribbean,CAR,Latin America,America_Caribbean,Caribbean,Latin America and the Caribbean,Latin America and the Caribbean,Developing_country,Developing countries
Bolivia (Plurinational State of),Food supplies (2009-2011 mean) ,America_South_andean,Andes,SAM-A,Latin America,America_South,South America,Latin America and the Caribbean,Latin America and the Caribbean,Developing_country,Developing countries
Bolivia (Plurinational State of),Food supplies (2009-2011 mean) ,America_South_tropical,Trop. S. America,SAM-Tro,Latin America,America_South,South America,Latin America and the Caribbean,Latin America and the Caribbean,Developing_country,Developing countries
Bosnia and Herzegovina,Food supplies (2009-2011 mean) ,Europe_Eastern_south,SE Europe,EEU-S,Europe,Europe_Eastern,Eastern Europe,Europe,Europe,Developed_country,Developed countries
Botswana,Food supplies (2009-2011 mean) ,Africa_Southern,Southern Africa,SAF,Africa,Africa_Southern,Southern Africa,Africa,Africa,Developing_country,Developing countries
Brazil,Food supplies (2009-2011 mean) ,America_South_tropical,Trop. S. America,SAM-Tro,Latin America,America_South,South America,Latin America and the Caribbean,Latin America and the Caribbean,Developing_country,Developing countries
Brunei Darussalam,Food supplies (2009-2011 mean) ,Asia_Southeast,Southeast Asia,SEA,Southeast Asia,Asia_Southeast,Southeast Asia,Asia and the Pacific,Asia and the Pacific,Developing_country,Developing countries
Bulgaria,Food supplies (2009-2011 mean) ,Europe_Eastern_south,SE Europe,EEU-S,Europe,Europe_Eastern,Eastern Europe,Europe,Europe,Developed_country,Developed countries
Burkina Faso,Food supplies (2009-2011 mean) ,Africa_West,West Africa,WAF,Africa,Africa_West,West Africa,Africa,Africa,Developing_country,Developing countries
Cabo Verde,Food supplies (2009-2011 mean) ,Africa_West,West Africa,WAF,Africa,Africa_West,West Africa,Africa,Africa,Developing_country,Developing countries
Cambodia,Food supplies (2009-2011 mean) ,Asia_Southeast,Southeast Asia,SEA,Southeast Asia,Asia_Southeast,Southeast Asia,Asia and the Pacific,Asia and the Pacific,Developing_country,Developing countries
Cameroon,Food supplies (2009-2011 mean) ,Africa_Central,Central Africa,CAF,Africa,Africa_Central,Central Africa,Africa,Africa,Developing_country,Developing countries
Canada,Food supplies (2009-2011 mean) ,America_North,North America,NAM,North America,America_North,North America,North America,North America,Developed_country,Developed countries
Central African Republic,Food supplies (2009-2011 mean) ,Africa_Central,Central Africa,CAF,Africa,Africa_Central,Central Africa,Africa,Africa,Developing_country,Developing countries
Chad,Food supplies (2009-2011 mean) ,Africa_West,West Africa,WAF,Africa,Africa_West,West Africa,Africa,Africa,Developing_country,Developing countries
Chile,Food supplies (2009-2011 mean) ,America_South_andean,Andes,SAM-A,Latin America,America_South,South America,Latin America and the Caribbean,Latin America and the Caribbean,Developing_country,Developing countries
Chile,Food supplies (2009-2011 mean) ,America_South_temperate,Temp. S. America,SAM-Tem,Latin America,America_South,South America,Latin America and the Caribbean,Latin America and the Caribbean,Developing_country,Developing countries
"China, Hong Kong SAR",Food supplies (2009-2011 mean) ,Asia_East,East Asia,EAS,East Asia,Asia_East,East Asia,Asia and the Pacific,Asia and the Pacific,Developed_country,Developed countries
"China, Macao SAR",Food supplies (2009-2011 mean) ,Asia_East,East Asia,EAS,East Asia,Asia_East,East Asia,Asia and the Pacific,Asia and the Pacific,Developed_country,Developed countries
"China, mainland",Food supplies (2009-2011 mean) ,Asia_East,East Asia,EAS,East Asia,Asia_East,East Asia,Asia and the Pacific,Asia and the Pacific,Developing_country,Developing countries
"China, Taiwan Province of",Food supplies (2009-2011 mean) ,Asia_East,East Asia,EAS,East Asia,Asia_East,East Asia,Asia and the Pacific,Asia and the Pacific,Developed_country,Developed countries
Colombia,Food supplies (2009-2011 mean) ,America_South_andean,Andes,SAM-A,Latin America,America_South,South America,Latin America and the Caribbean,Latin America and the Caribbean,Developing_country,Developing countries
Colombia,Food supplies (2009-2011 mean) ,America_South_tropical,Trop. S. America,SAM-Tro,Latin America,America_South,South America,Latin America and the Caribbean,Latin America and the Caribbean,Developing_country,Developing countries
Congo,Food supplies (2009-2011 mean) ,Africa_Central,Central Africa,CAF,Africa,Africa_Central,Central Africa,Africa,Africa,Developing_country,Developing countries
Costa Rica,Food supplies (2009-2011 mean) ,America_Central_and_Mexico,Central America,CAM,Latin America,America_Central_and_Mexico,Central America and Mexico,Latin America and the Caribbean,Latin America and the Caribbean,Developing_country,Developing countries
Côte d'Ivoire,Food supplies (2009-2011 mean) ,Africa_West,West Africa,WAF,Africa,Africa_West,West Africa,Africa,Africa,Developing_country,Developing countries
Croatia,Food supplies (2009-2011 mean) ,Europe_Eastern_south,SE Europe,EEU-S,Europe,Europe_Eastern,Eastern Europe,Europe,Europe,Developed_country,Developed countries
Cuba,Food supplies (2009-2011 mean) ,America_Caribbean,Caribbean,CAR,Latin America,America_Caribbean,Caribbean,Latin America and the Caribbean,Latin America and the Caribbean,Developing_country,Developing countries
Cyprus,Food supplies (2009-2011 mean) ,Mediterranean_SouthandEast,SE Mediterranean,SEM,W Asia and SE Mediterranean,Mediterranean_SouthandEast,South and East Mediterranean,Europe,Europe,Developed_country,Developed countries
Czech Republic,Food supplies (2009-2011 mean) ,Europe_Eastern_north,NE Europe,EEU-N,Europe,Europe_Eastern,Eastern Europe,Europe,Europe,Developed_country,Developed countries
Democratic People's Republic of Korea,Food supplies (2009-2011 mean) ,Asia_East,East Asia,EAS,East Asia,Asia_East,East Asia,Asia and the Pacific,Asia and the Pacific,Developing_country,Developing countries
Denmark,Food supplies (2009-2011 mean) ,Europe_Western_north,NW Europe,WEU-N,Europe,Europe_Western,Western Europe,Europe,Europe,Developed_country,Developed countries
Djibouti,Food supplies (2009-2011 mean) ,Africa_East,East Africa,EAF,Africa,Africa_East,East Africa,Africa,Africa,Developing_country,Developing countries
Dominica,Food supplies (2009-2011 mean) ,America_Caribbean,Caribbean,CAR,Latin America,America_Caribbean,Caribbean,Latin America and the Caribbean,Latin America and the Caribbean,Developing_country,Developing countries
Dominican Republic,Food supplies (2009-2011 mean) ,America_Caribbean,Caribbean,CAR,Latin America,America_Caribbean,Caribbean,Latin America and the Caribbean,Latin America and the Caribbean,Developing_country,Developing countries
Ecuador,Food supplies (2009-2011 mean) ,America_South_andean,Andes,SAM-A,Latin America,America_South,South America,Latin America and the Caribbean,Latin America and the Caribbean,Developing_country,Developing countries
Ecuador,Food supplies (2009-2011 mean) ,America_South_tropical,Trop. S. America,SAM-Tro,Latin America,America_South,South America,Latin America and the Caribbean,Latin America and the Caribbean,Developing_country,Developing countries
Egypt,Food supplies (2009-2011 mean) ,Mediterranean_SouthandEast,SE Mediterranean,SEM,W Asia and SE Mediterranean,Mediterranean_SouthandEast,South and East Mediterranean,Africa,Africa,Developing_country,Developing countries
El Salvador,Food supplies (2009-2011 mean) ,America_Central_and_Mexico,Central America,CAM,Latin America,America_Central_and_Mexico,Central America and Mexico,Latin America and the Caribbean,Latin America and the Caribbean,Developing_country,Developing countries
Estonia,Food supplies (2009-2011 mean) ,Europe_Eastern_north,NE Europe,EEU-N,Europe,Europe_Eastern,Eastern Europe,Europe,Europe,Developed_country,Developed countries
Ethiopia,Food supplies (2009-2011 mean) ,Africa_East,East Africa,EAF,Africa,Africa_East,East Africa,Africa,Africa,Developing_country,Developing countries
Fiji,Food supplies (2009-2011 mean) ,Pacific_Region_tropical,Trop. Pacific Region,PAC-T,Pacific,Pacific_Region,Pacific,Asia and the Pacific,Asia and the Pacific,Developing_country,Developing countries
Finland,Food supplies (2009-2011 mean) ,Europe_Western_north,NW Europe,WEU-N,Europe,Europe_Western,Western Europe,Europe,Europe,Developed_country,Developed countries
France,Food supplies (2009-2011 mean) ,Europe_Western_north,NW Europe,WEU-N,Europe,Europe_Western,Western Europe,Europe,Europe,Developed_country,Developed countries
France,Food supplies (2009-2011 mean) ,Europe_Western_south,SW Europe,WEU-S,Europe,Europe_Western,Western Europe,Europe,Europe,Developed_country,Developed countries
French Polynesia,Food supplies (2009-2011 mean) ,Pacific_Region_tropical,Trop. Pacific Region,PAC-T,Pacific,Pacific_Region,Pacific,Asia and the Pacific,Asia and the Pacific,Developing_country,Developing countries
Gabon,Food supplies (2009-2011 mean) ,Africa_Central,Central Africa,CAF,Africa,Africa_Central,Central Africa,Africa,Africa,Developing_country,Developing countries
Gambia,Food supplies (2009-2011 mean) ,Africa_West,West Africa,WAF,Africa,Africa_West,West Africa,Africa,Africa,Developing_country,Developing countries
Georgia,Food supplies (2009-2011 mean) ,Asia_Central,Central Asia,CAS,Central Asia,Asia_Central,Central Asia,Asia and the Pacific,Asia and the Pacific,Developing_country,Developing countries
Georgia,Food supplies (2009-2011 mean) ,Europe_Eastern_south,SE Europe,EEU-S,Europe,Europe_Eastern,Eastern Europe,Europe,Europe,Developing_country,Developing countries
Germany,Food supplies (2009-2011 mean) ,Europe_Western_north,NW Europe,WEU-N,Europe,Europe_Western,Western Europe,Europe,Europe,Developed_country,Developed countries
Ghana,Food supplies (2009-2011 mean) ,Africa_West,West Africa,WAF,Africa,Africa_West,West Africa,Africa,Africa,Developing_country,Developing countries
Greece,Food supplies (2009-2011 mean) ,Europe_Eastern_south,SE Europe,EEU-S,Europe,Europe_Eastern,Eastern Europe,Europe,Europe,Developed_country,Developed countries
Grenada,Food supplies (2009-2011 mean) ,America_Caribbean,Caribbean,CAR,Latin America,America_Caribbean,Caribbean,Latin America and the Caribbean,Latin America and the Caribbean,Developing_country,Developing countries
Guatemala,Food supplies (2009-2011 mean) ,America_Central_and_Mexico,Central America,CAM,Latin America,America_Central_and_Mexico,Central America and Mexico,Latin America and the Caribbean,Latin America and the Caribbean,Developing_country,Developing countries
Guinea,Food supplies (2009-2011 mean) ,Africa_West,West Africa,WAF,Africa,Africa_West,West Africa,Africa,Africa,Developing_country,Developing countries
Guinea-Bissau,Food supplies (2009-2011 mean) ,Africa_West,West Africa,WAF,Africa,Africa_West,West Africa,Africa,Africa,Developing_country,Developing countries
Guyana,Food supplies (2009-2011 mean) ,America_South_tropical,Trop. S. America,SAM-Tro,Latin America,America_South,South America,Latin America and the Caribbean,Latin America and the Caribbean,Developing_country,Developing countries
Haiti,Food supplies (2009-2011 mean) ,America_Caribbean,Caribbean,CAR,Latin America,America_Caribbean,Caribbean,Latin America and the Caribbean,Latin America and the Caribbean,Developing_country,Developing countries
Honduras,Food supplies (2009-2011 mean) ,America_Central_and_Mexico,Central America,CAM,Latin America,America_Central_and_Mexico,Central America and Mexico,Latin America and the Caribbean,Latin America and the Caribbean,Developing_country,Developing countries
Hungary,Food supplies (2009-2011 mean) ,Europe_Eastern_north,NE Europe,EEU-N,Europe,Europe_Eastern,Eastern Europe,Europe,Europe,Developed_country,Developed countries
Iceland,Food supplies (2009-2011 mean) ,Europe_Western_north,NW Europe,WEU-N,Europe,Europe_Western,Western Europe,Europe,Europe,Developed_country,Developed countries
India,Food supplies (2009-2011 mean) ,Asia_South,South Asia,SAS,South Asia,Asia_South,South Asia,Asia and the Pacific,Asia and the Pacific,Developing_country,Developing countries
Indonesia,Food supplies (2009-2011 mean) ,Asia_Southeast,Southeast Asia,SEA,Southeast Asia,Asia_Southeast,Southeast Asia,Asia and the Pacific,Asia and the Pacific,Developing_country,Developing countries
Iran (Islamic Republic of),Food supplies (2009-2011 mean) ,Asia_West,West Asia,WAS,W Asia and SE Mediterranean,Asia_West,West Asia,Asia and the Pacific,Asia and the Pacific,Developing_country,Developing countries
Iraq,Food supplies (2009-2011 mean) ,Asia_West,West Asia,WAS,W Asia and SE Mediterranean,Asia_West,West Asia,Asia and the Pacific,Asia and the Pacific,Developing_country,Developing countries
Ireland,Food supplies (2009-2011 mean) ,Europe_Western_north,NW Europe,WEU-N,Europe,Europe_Western,Western Europe,Europe,Europe,Developed_country,Developed countries
Israel,Food supplies (2009-2011 mean) ,Asia_West,West Asia,WAS,W Asia and SE Mediterranean,Asia_West,West Asia,Asia and the Pacific,Asia and the Pacific,Developed_country,Developed countries
Israel,Food supplies (2009-2011 mean) ,Mediterranean_SouthandEast,SE Mediterranean,SEM,W Asia and SE Mediterranean,Mediterranean_SouthandEast,South and East Mediterranean,Asia and the Pacific,Asia and the Pacific,Developed_country,Developed countries
Italy,Food supplies (2009-2011 mean) ,Europe_Western_south,SW Europe,WEU-S,Europe,Europe_Western,Western Europe,Europe,Europe,Developed_country,Developed countries
Jamaica,Food supplies (2009-2011 mean) ,America_Caribbean,Caribbean,CAR,Latin America,America_Caribbean,Caribbean,Latin America and the Caribbean,Latin America and the Caribbean,Developing_country,Developing countries
Japan,Food supplies (2009-2011 mean) ,Asia_East,East Asia,EAS,East Asia,Asia_East,East Asia,Asia and the Pacific,Asia and the Pacific,Developed_country,Developed countries
Jordan,Food supplies (2009-2011 mean) ,Asia_West,West Asia,WAS,W Asia and SE Mediterranean,Asia_West,West Asia,Asia and the Pacific,Asia and the Pacific,Developing_country,Developing countries
Jordan,Food supplies (2009-2011 mean) ,Mediterranean_SouthandEast,SE Mediterranean,SEM,W Asia and SE Mediterranean,Mediterranean_SouthandEast,South and East Mediterranean,Asia and the Pacific,Asia and the Pacific,Developing_country,Developing countries
Kazakhstan,Food supplies (2009-2011 mean) ,Asia_Central,Central Asia,CAS,Central Asia,Asia_Central,Central Asia,Asia and the Pacific,Asia and the Pacific,Developing_country,Developing countries
Kenya,Food supplies (2009-2011 mean) ,Africa_East,East Africa,EAF,Africa,Africa_East,East Africa,Africa,Africa,Developing_country,Developing countries
Kiribati,Food supplies (2009-2011 mean) ,Pacific_Region_tropical,Trop. Pacific Region,PAC-T,Pacific,Pacific_Region,Pacific,Asia and the Pacific,Asia and the Pacific,Developing_country,Developing countries
Kuwait,Food supplies (2009-2011 mean) ,Asia_West,West Asia,WAS,W Asia and SE Mediterranean,Asia_West,West Asia,Asia and the Pacific,Asia and the Pacific,Developed_country,Developed countries
Kyrgyzstan,Food supplies (2009-2011 mean) ,Asia_Central,Central Asia,CAS,Central Asia,Asia_Central,Central Asia,Asia and the Pacific,Asia and the Pacific,Developing_country,Developing countries
Lao People's Democratic Republic,Food supplies (2009-2011 mean) ,Asia_Southeast,Southeast Asia,SEA,Southeast Asia,Asia_Southeast,Southeast Asia,Asia and the Pacific,Asia and the Pacific,Developing_country,Developing countries
Latvia,Food supplies (2009-2011 mean) ,Europe_Eastern_north,NE Europe,EEU-N,Europe,Europe_Eastern,Eastern Europe,Europe,Europe,Developed_country,Developed countries
Lebanon,Food supplies (2009-2011 mean) ,Asia_West,West Asia,WAS,W Asia and SE Mediterranean,Asia_West,West Asia,Asia and the Pacific,Asia and the Pacific,Developing_country,Developing countries
Lebanon,Food supplies (2009-2011 mean) ,Mediterranean_SouthandEast,SE Mediterranean,SEM,W Asia and SE Mediterranean,Mediterranean_SouthandEast,South and East Mediterranean,Asia and the Pacific,Asia and the Pacific,Developing_country,Developing countries
Lesotho,Food supplies (2009-2011 mean) ,Africa_Southern,Southern Africa,SAF,Africa,Africa_Southern,Southern Africa,Africa,Africa,Developing_country,Developing countries
Liberia,Food supplies (2009-2011 mean) ,Africa_West,West Africa,WAF,Africa,Africa_West,West Africa,Africa,Africa,Developing_country,Developing countries
Libya,Food supplies (2009-2011 mean) ,Mediterranean_SouthandEast,SE Mediterranean,SEM,W Asia and SE Mediterranean,Mediterranean_SouthandEast,South and East Mediterranean,Africa,Africa,Developing_country,Developing countries
Lithuania,Food supplies (2009-2011 mean) ,Europe_Eastern_north,NE Europe,EEU-N,Europe,Europe_Eastern,Eastern Europe,Europe,Europe,Developed_country,Developed countries
Luxembourg,Food supplies (2009-2011 mean) ,Europe_Western_north,NW Europe,WEU-N,Europe,Europe_Western,Western Europe,Europe,Europe,Developed_country,Developed countries
Madagascar,Food supplies (2009-2011 mean) ,Africa_Indian_Ocean_Islands,IOI,IOI,Africa,Africa_Indian_Ocean_Islands,Indian Ocean Islands,Africa,Africa,Developing_country,Developing countries
Malawi,Food supplies (2009-2011 mean) ,Africa_Southern,Southern Africa,SAF,Africa,Africa_Southern,Southern Africa,Africa,Africa,Developing_country,Developing countries
Malaysia,Food supplies (2009-2011 mean) ,Asia_Southeast,Southeast Asia,SEA,Southeast Asia,Asia_Southeast,Southeast Asia,Asia and the Pacific,Asia and the Pacific,Developing_country,Developing countries
Maldives,Food supplies (2009-2011 mean) ,Asia_South,South Asia,SAS,South Asia,Asia_South,South Asia,Asia and the Pacific,Asia and the Pacific,Developing_country,Developing countries
Mali,Food supplies (2009-2011 mean) ,Africa_West,West Africa,WAF,Africa,Africa_West,West Africa,Africa,Africa,Developing_country,Developing countries
Malta,Food supplies (2009-2011 mean) ,Mediterranean_SouthandEast,SE Mediterranean,SEM,W Asia and SE Mediterranean,Mediterranean_SouthandEast,South and East Mediterranean,Europe,Europe,Developed_country,Developed countries
Mauritania,Food supplies (2009-2011 mean) ,Africa_West,West Africa,WAF,Africa,Africa_West,West Africa,Africa,Africa,Developing_country,Developing countries
Mauritius,Food supplies (2009-2011 mean) ,Africa_Indian_Ocean_Islands,IOI,IOI,Africa,Africa_Indian_Ocean_Islands,Indian Ocean Islands,Africa,Africa,Developing_country,Developing countries
Mexico,Food supplies (2009-2011 mean) ,America_Central_and_Mexico,Central America,CAM,Latin America,America_Central_and_Mexico,Central America and Mexico,Latin America and the Caribbean,Latin America and the Caribbean,Developing_country,Developing countries
Mongolia,Food supplies (2009-2011 mean) ,Asia_East,East Asia,EAS,East Asia,Asia_East,East Asia,Asia and the Pacific,Asia and the Pacific,Developing_country,Developing countries
Montenegro,Food supplies (2009-2011 mean) ,Europe_Eastern_south,SE Europe,EEU-S,Europe,Europe_Eastern,Eastern Europe,Europe,Europe,Developed_country,Developed countries
Morocco,Food supplies (2009-2011 mean) ,Mediterranean_SouthandEast,SE Mediterranean,SEM,W Asia and SE Mediterranean,Mediterranean_SouthandEast,South and East Mediterranean,Africa,Africa,Developing_country,Developing countries
Mozambique,Food supplies (2009-2011 mean) ,Africa_Southern,Southern Africa,SAF,Africa,Africa_Southern,Southern Africa,Africa,Africa,Developing_country,Developing countries
Myanmar,Food supplies (2009-2011 mean) ,Asia_Southeast,Southeast Asia,SEA,Southeast Asia,Asia_Southeast,Southeast Asia,Asia and the Pacific,Asia and the Pacific,Developing_country,Developing countries
Namibia,Food supplies (2009-2011 mean) ,Africa_Southern,Southern Africa,SAF,Africa,Africa_Southern,Southern Africa,Africa,Africa,Developing_country,Developing countries
Nepal,Food supplies (2009-2011 mean) ,Asia_South,South Asia,SAS,South Asia,Asia_South,South Asia,Asia and the Pacific,Asia and the Pacific,Developing_country,Developing countries
Netherlands,Food supplies (2009-2011 mean) ,Europe_Western_north,NW Europe,WEU-N,Europe,Europe_Western,Western Europe,Europe,Europe,Developed_country,Developed countries
New Caledonia,Food supplies (2009-2011 mean) ,Pacific_Region_tropical,Trop. Pacific Region,PAC-T,Pacific,Pacific_Region,Pacific,Asia and the Pacific,Asia and the Pacific,Developing_country,Developing countries
New Zealand,Food supplies (2009-2011 mean) ,Pacific_Region_ausnz,Australia New Zealand,PAC-ANZ,Pacific,Pacific_Region,Pacific,Australia and New Zealand,Asia and the Pacific,Developed_country,Developed countries
Nicaragua,Food supplies (2009-2011 mean) ,America_Central_and_Mexico,Central America,CAM,Latin America,America_Central_and_Mexico,Central America and Mexico,Latin America and the Caribbean,Latin America and the Caribbean,Developing_country,Developing countries
Niger,Food supplies (2009-2011 mean) ,Africa_West,West Africa,WAF,Africa,Africa_West,West Africa,Africa,Africa,Developing_country,Developing countries
Nigeria,Food supplies (2009-2011 mean) ,Africa_West,West Africa,WAF,Africa,Africa_West,West Africa,Africa,Africa,Developing_country,Developing countries
Norway,Food supplies (2009-2011 mean) ,Europe_Western_north,NW Europe,WEU-N,Europe,Europe_Western,Western Europe,Europe,Europe,Developed_country,Developed countries
Occupied Palestinian Territory,Food supplies (2009-2011 mean) ,Mediterranean_SouthandEast,SE Mediterranean,SEM,W Asia and SE Mediterranean,Mediterranean_SouthandEast,South and East Mediterranean,Asia and the Pacific,Asia and the Pacific,Developing_country,Developing countries
Occupied Palestinian Territory,Food supplies (2009-2011 mean) ,Asia_West,West Asia,WAS,W Asia and SE Mediterranean,Asia_West,West Asia,Asia and the Pacific,Asia and the Pacific,Developing_country,Developing countries
Pakistan,Food supplies (2009-2011 mean) ,Asia_West,West Asia,WAS,W Asia and SE Mediterranean,Asia_West,West Asia,Asia and the Pacific,Asia and the Pacific,Developing_country,Developing countries
Panama,Food supplies (2009-2011 mean) ,America_Central_and_Mexico,Central America,CAM,Latin America,America_Central_and_Mexico,Central America and Mexico,Latin America and the Caribbean,Latin America and the Caribbean,Developing_country,Developing countries
Paraguay,Food supplies (2009-2011 mean) ,America_South_tropical,Trop. S. America,SAM-Tro,Latin America,America_South,South America,Latin America and the Caribbean,Latin America and the Caribbean,Developing_country,Developing countries
Peru,Food supplies (2009-2011 mean) ,America_South_andean,Andes,SAM-A,Latin America,America_South,South America,Latin America and the Caribbean,Latin America and the Caribbean,Developing_country,Developing countries
Peru,Food supplies (2009-2011 mean) ,America_South_tropical,Trop. S. America,SAM-Tro,Latin America,America_South,South America,Latin America and the Caribbean,Latin America and the Caribbean,Developing_country,Developing countries
Philippines,Food supplies (2009-2011 mean) ,Asia_Southeast,Southeast Asia,SEA,Southeast Asia,Asia_Southeast,Southeast Asia,Asia and the Pacific,Asia and the Pacific,Developing_country,Developing countries
Poland,Food supplies (2009-2011 mean) ,Europe_Eastern_north,NE Europe,EEU-N,Europe,Europe_Eastern,Eastern Europe,Europe,Europe,Developed_country,Developed countries
Portugal,Food supplies (2009-2011 mean) ,Europe_Western_south,SW Europe,WEU-S,Europe,Europe_Western,Western Europe,Europe,Europe,Developed_country,Developed countries
Republic of Korea,Food supplies (2009-2011 mean) ,Asia_East,East Asia,EAS,East Asia,Asia_East,East Asia,Asia and the Pacific,Asia and the Pacific,Developed_country,Developed countries
Republic of Moldova,Food supplies (2009-2011 mean) ,Europe_Eastern_north,NE Europe,EEU-N,Europe,Europe_Eastern,Eastern Europe,Europe,Europe,Developed_country,Developed countries
Romania,Food supplies (2009-2011 mean) ,Europe_Eastern_north,NE Europe,EEU-N,Europe,Europe_Eastern,Eastern Europe,Europe,Europe,Developed_country,Developed countries
Russian Federation,Food supplies (2009-2011 mean) ,Europe_Eastern_north,NE Europe,EEU-N,Europe,Europe_Eastern,Eastern Europe,Europe,Europe,Developed_country,Developed countries
Rwanda,Food supplies (2009-2011 mean) ,Africa_East,East Africa,EAF,Africa,Africa_East,East Africa,Africa,Africa,Developing_country,Developing countries
Saint Kitts and Nevis,Food supplies (2009-2011 mean) ,America_Caribbean,Caribbean,CAR,Latin America,America_Caribbean,Caribbean,Latin America and the Caribbean,Latin America and the Caribbean,Developing_country,Developing countries
Saint Lucia,Food supplies (2009-2011 mean) ,America_Caribbean,Caribbean,CAR,Latin America,America_Caribbean,Caribbean,Latin America and the Caribbean,Latin America and the Caribbean,Developing_country,Developing countries
Saint Vincent and the Grenadines,Food supplies (2009-2011 mean) ,America_Caribbean,Caribbean,CAR,Latin America,America_Caribbean,Caribbean,Latin America and the Caribbean,Latin America and the Caribbean,Developing_country,Developing countries
Samoa,Food supplies (2009-2011 mean) ,Pacific_Region_tropical,Trop. Pacific Region,PAC-T,Pacific,Pacific_Region,Pacific,Asia and the Pacific,Asia and the Pacific,Developing_country,Developing countries
Sao Tome and Principe,Food supplies (2009-2011 mean) ,Africa_Central,Central Africa,CAF,Africa,Africa_Central,Central Africa,Africa,Africa,Developing_country,Developing countries
Saudi Arabia,Food supplies (2009-2011 mean) ,Asia_West,West Asia,WAS,W Asia and SE Mediterranean,Asia_West,West Asia,Asia and the Pacific,Asia and the Pacific,Developed_country,Developed countries
Senegal,Food supplies (2009-2011 mean) ,Africa_West,West Africa,WAF,Africa,Africa_West,West Africa,Africa,Africa,Developing_country,Developing countries
Serbia,Food supplies (2009-2011 mean) ,Europe_Eastern_south,SE Europe,EEU-S,Europe,Europe_Eastern,Eastern Europe,Europe,Europe,Developed_country,Developed countries
Sierra Leone,Food supplies (2009-2011 mean) ,Africa_West,West Africa,WAF,Africa,Africa_West,West Africa,Africa,Africa,Developing_country,Developing countries
Slovakia,Food supplies (2009-2011 mean) ,Europe_Eastern_north,NE Europe,EEU-N,Europe,Europe_Eastern,Eastern Europe,Europe,Europe,Developed_country,Developed countries
Slovenia,Food supplies (2009-2011 mean) ,Europe_Eastern_south,SE Europe,EEU-S,Europe,Europe_Eastern,Eastern Europe,Europe,Europe,Developed_country,Developed countries
Solomon Islands,Food supplies (2009-2011 mean) ,Pacific_Region_tropical,Trop. Pacific Region,PAC-T,Pacific,Pacific_Region,Pacific,Asia and the Pacific,Asia and the Pacific,Developing_country,Developing countries
Somalia,Food supplies (2009-2011 mean) ,Africa_East,East Africa,EAF,Africa,Africa_East,East Africa,Africa,Africa,Developing_country,Developing countries
South Africa,Food supplies (2009-2011 mean) ,Africa_Southern,Southern Africa,SAF,Africa,Africa_Southern,Southern Africa,Africa,Africa,Developing_country,Developing countries
Spain,Food supplies (2009-2011 mean) ,Europe_Western_south,SW Europe,WEU-S,Europe,Europe_Western,Western Europe,Europe,Europe,Developed_country,Developed countries
Sri Lanka,Food supplies (2009-2011 mean) ,Asia_South,South Asia,SAS,South Asia,Asia_South,South Asia,Asia and the Pacific,Asia and the Pacific,Developing_country,Developing countries
Sudan (former),Food supplies (2009-2011 mean) ,Africa_East,East Africa,EAF,Africa,Africa_East,East Africa,Africa,Africa,Developing_country,Developing countries
Suriname,Food supplies (2009-2011 mean) ,America_South_tropical,Trop. S. America,SAM-Tro,Latin America,America_South,South America,Latin America and the Caribbean,Latin America and the Caribbean,Developing_country,Developing countries
Swaziland,Food supplies (2009-2011 mean) ,Africa_Southern,Southern Africa,SAF,Africa,Africa_Southern,Southern Africa,Africa,Africa,Developing_country,Developing countries
Sweden,Food supplies (2009-2011 mean) ,Europe_Western_north,NW Europe,WEU-N,Europe,Europe_Western,Western Europe,Europe,Europe,Developed_country,Developed countries
Switzerland,Food supplies (2009-2011 mean) ,Europe_Western_north,NW Europe,WEU-N,Europe,Europe_Western,Western Europe,Europe,Europe,Developed_country,Developed countries
Syrian Arab Republic,Food supplies (2009-2011 mean) ,Asia_West,West Asia,WAS,W Asia and SE Mediterranean,Asia_West,West Asia,Asia and the Pacific,Asia and the Pacific,Developing_country,Developing countries
Syrian Arab Republic,Food supplies (2009-2011 mean) ,Mediterranean_SouthandEast,SE Mediterranean,SEM,W Asia and SE Mediterranean,Mediterranean_SouthandEast,South and East Mediterranean,Asia and the Pacific,Asia and the Pacific,Developing_country,Developing countries
Tajikistan,Food supplies (2009-2011 mean) ,Asia_Central,Central Asia,CAS,Central Asia,Asia_Central,Central Asia,Asia and the Pacific,Asia and the Pacific,Developing_country,Developing countries
Thailand,Food supplies (2009-2011 mean) ,Asia_Southeast,Southeast Asia,SEA,Southeast Asia,Asia_Southeast,Southeast Asia,Asia and the Pacific,Asia and the Pacific,Developing_country,Developing countries
The former Yugoslav Republic of Macedonia,Food supplies (2009-2011 mean) ,Europe_Eastern_south,SE Europe,EEU-S,Europe,Europe_Eastern,Eastern Europe,Europe,Europe,Developed_country,Developed countries
Timor-Leste,Food supplies (2009-2011 mean) ,Asia_Southeast,Southeast Asia,SEA,Southeast Asia,Asia_Southeast,Southeast Asia,Asia and the Pacific,Asia and the Pacific,Developing_country,Developing countries
Togo,Food supplies (2009-2011 mean) ,Africa_West,West Africa,WAF,Africa,Africa_West,West Africa,Africa,Africa,Developing_country,Developing countries
Trinidad and Tobago,Food supplies (2009-2011 mean) ,America_Caribbean,Caribbean,CAR,Latin America,America_Caribbean,Caribbean,Latin America and the Caribbean,Latin America and the Caribbean,Developing_country,Developing countries
Tunisia,Food supplies (2009-2011 mean) ,Mediterranean_SouthandEast,SE Mediterranean,SEM,W Asia and SE Mediterranean,Mediterranean_SouthandEast,South and East Mediterranean,Africa,Africa,Developing_country,Developing countries
Turkey,Food supplies (2009-2011 mean) ,Asia_West,West Asia,WAS,W Asia and SE Mediterranean,Asia_West,West Asia,Asia and the Pacific,Asia and the Pacific,Developing_country,Developing countries
Turkey,Food supplies (2009-2011 mean) ,Europe_Eastern_south,SE Europe,EEU-S,Europe,Europe_Eastern,Eastern Europe,Europe,Europe,Developing_country,Developing countries
Turkey,Food supplies (2009-2011 mean) ,Mediterranean_SouthandEast,SE Mediterranean,SEM,W Asia and SE Mediterranean,Mediterranean_SouthandEast,South and East Mediterranean,Asia and the Pacific,Asia and the Pacific,Developing_country,Developing countries
Turkmenistan,Food supplies (2009-2011 mean) ,Asia_Central,Central Asia,CAS,Central Asia,Asia_Central,Central Asia,Asia and the Pacific,Asia and the Pacific,Developing_country,Developing countries
Uganda,Food supplies (2009-2011 mean) ,Africa_East,East Africa,EAF,Africa,Africa_East,East Africa,Africa,Africa,Developing_country,Developing countries
Ukraine,Food supplies (2009-2011 mean) ,Europe_Eastern_north,NE Europe,EEU-N,Europe,Europe_Eastern,Eastern Europe,Europe,Europe,Developed_country,Developed countries
United Arab Emirates,Food supplies (2009-2011 mean) ,Asia_West,West Asia,WAS,W Asia and SE Mediterranean,Asia_West,West Asia,Asia and the Pacific,Asia and the Pacific,Developed_country,Developed countries
United Kingdom,Food supplies (2009-2011 mean) ,Europe_Western_north,NW Europe,WEU-N,Europe,Europe_Western,Western Europe,Europe,Europe,Developed_country,Developed countries
United Republic of Tanzania,Food supplies (2009-2011 mean) ,Africa_Southern,Southern Africa,SAF,Africa,Africa_Southern,Southern Africa,Africa,Africa,Developing_country,Developing countries
United States of America,Food supplies (2009-2011 mean) ,America_North,North America,NAM,North America,America_North,North America,North America,North America,Developed_country,Developed countries
Uruguay,Food supplies (2009-2011 mean) ,America_South_temperate,Temp. S. America,SAM-Tem,Latin America,America_South,South America,Latin America and the Caribbean,Latin America and the Caribbean,Developing_country,Developing countries
Uzbekistan,Food supplies (2009-2011 mean) ,Asia_Central,Central Asia,CAS,Central Asia,Asia_Central,Central Asia,Asia and the Pacific,Asia and the Pacific,Developing_country,Developing countries
Vanuatu,Food supplies (2009-2011 mean) ,Pacific_Region_tropical,Trop. Pacific Region,PAC-T,Pacific,Pacific_Region,Pacific,Asia and the Pacific,Asia and the Pacific,Developing_country,Developing countries
Venezuela (Bolivarian Republic of),Food supplies (2009-2011 mean) ,America_South_tropical,Trop. S. America,SAM-Tro,Latin America,America_South,South America,Latin America and the Caribbean,Latin America and the Caribbean,Developing_country,Developing countries
Viet Nam,Food supplies (2009-2011 mean) ,Asia_Southeast,Southeast Asia,SEA,Southeast Asia,Asia_Southeast,Southeast Asia,Asia and the Pacific,Asia and the Pacific,Developing_country,Developing countries
Yemen,Food supplies (2009-2011 mean) ,Asia_West,West Asia,WAS,W Asia and SE Mediterranean,Asia_West,West Asia,Asia and the Pacific,Asia and the Pacific,Developing_country,Developing countries
Zambia,Food supplies (2009-2011 mean) ,Africa_Southern,Southern Africa,SAF,Africa,Africa_Southern,Southern Africa,Africa,Africa,Developing_country,Developing countries
Zimbabwe,Food supplies (2009-2011 mean) ,Africa_Southern,Southern Africa,SAF,Africa,Africa_Southern,Southern Africa,Africa,Africa,Developing_country,Developing countries
